1,Moscamye,Moscamye,Moscamye,Moscamye,Moscamye,Moscamye,Moscamye,Moscamye,Moscamye,Moscamye,Moscamye,Moscamye,Moscamye,Moscamye,Moscamye,Moscamye,Moscamye,Moscamye,Moscamye,Moscamye,Moscamye,Moscamye,Moscamye,Moscamye,Moscamye,Moscamye,Moscamye,Moscamye,Moscamye,Moscamye,Moscamye,Moscamye,Moscamye,Moscamye
2,juankunder,ikillsheep4u,ikillsheep4u,ikillsheep4u,ikillsheep4u,ikillsheep4u,ikillsheep4u,ikillsheep4u,NovaEclipse250,NovaEclipse250,NovaEclipse250,NovaEclipse250,NovaEclipse250,NovaEclipse250,NovaEclipse250,NovaEclipse250,NovaEclipse250,Aurallius,Aurallius,Aurallius,Aurallius,Aurallius,Aurallius,Aurallius,Aurallius,Aurallius,Aurallius,Theklawnumber2,Theklawnumber2,Theklawnumber2,Theklawnumber2,Theklawnumber2,Theklawnumber2,Theklawnumber2
3,mount_curve,Disfellagotnoname,NovaEclipse250,NovaEclipse250,NovaEclipse250,NovaEclipse250,NovaEclipse250,NovaEclipse250,Aurallius,Aurallius,Aurallius,Aurallius,Aurallius,Aurallius,Aurallius,Aurallius,Aurallius,Theklawnumber2,Theklawnumber2,Theklawnumber2,Theklawnumber2,Theklawnumber2,Theklawnumber2,Theklawnumber2,Theklawnumber2,Theklawnumber2,Theklawnumber2,cmaj7flat5,cmaj7flat5,cmaj7flat5,cmaj7flat5,cmaj7flat5,Nimbleseaurchin,Nimbleseaurchin
4,carrotcypher,kattuganji,Birb_from_BOTD,Birb_from_BOTD,Birb_from_BOTD,Birb_from_BOTD,Birb_from_BOTD,Birb_from_BOTD,Theklawnumber2,Theklawnumber2,Theklawnumber2,Theklawnumber2,Theklawnumber2,Theklawnumber2,Theklawnumber2,Theklawnumber2,Theklawnumber2,cmaj7flat5,cmaj7flat5,cmaj7flat5,cmaj7flat5,cmaj7flat5,cmaj7flat5,cmaj7flat5,cmaj7flat5,cmaj7flat5,cmaj7flat5,Nimbleseaurchin,Nimbleseaurchin,Nimbleseaurchin,Nimbleseaurchin,Nimbleseaurchin,thefifthangel141,thefifthangel141
5,ElizzyViolet,NovaEclipse250,Luna404,Aurallius,Aurallius,Aurallius,Aurallius,Aurallius,cmaj7flat5,cmaj7flat5,cmaj7flat5,cmaj7flat5,cmaj7flat5,cmaj7flat5,cmaj7flat5,cmaj7flat5,cmaj7flat5,Nimbleseaurchin,Nimbleseaurchin,Nimbleseaurchin,Nimbleseaurchin,Nimbleseaurchin,Nimbleseaurchin,Nimbleseaurchin,Nimbleseaurchin,Nimbleseaurchin,Nimbleseaurchin,thefifthangel141,thefifthangel141,thefifthangel141,thefifthangel141,thefifthangel141,Archy99,Archy99
6,ikillsheep4u,ARTIFICIAL_SAPIENCE,ctgreybeard,Theklawnumber2,Theklawnumber2,Theklawnumber2,Theklawnumber2,Theklawnumber2,DudhaneShrey86,DudhaneShrey86,DudhaneShrey86,DudhaneShrey86,DudhaneShrey86,DudhaneShrey86,DudhaneShrey86,EstefanySP,EstefanySP,thefifthangel141,thefifthangel141,thefifthangel141,thefifthangel141,thefifthangel141,thefifthangel141,thefifthangel141,thefifthangel141,thefifthangel141,thefifthangel141,Archy99,Archy99,Archy99,Archy99,Archy99,dubovinius,JebSenrab
7,Disfellagotnoname,LiAngel70,draripov,ZslayerX17,cmaj7flat5,cmaj7flat5,cmaj7flat5,cmaj7flat5,EstefanySP,EstefanySP,EstefanySP,EstefanySP,EstefanySP,EstefanySP,EstefanySP,Nimbleseaurchin,Nimbleseaurchin,Archy99,Archy99,Archy99,Archy99,Archy99,Archy99,Archy99,Archy99,Archy99,Archy99,dubovinius,dubovinius,dubovinius,dubovinius,dubovinius,iSlingShlong,Almighty_Elephant
8,jrr6415sun,Timmace,eaglesfan247,cmaj7flat5,the-steel-curtain,the-steel-curtain,the-steel-curtain,DudhaneShrey86,Nimbleseaurchin,Nimbleseaurchin,Nimbleseaurchin,Nimbleseaurchin,Nimbleseaurchin,Nimbleseaurchin,Nimbleseaurchin,thefifthangel141,thefifthangel141,dubovinius,dubovinius,dubovinius,dubovinius,dubovinius,dubovinius,dubovinius,dubovinius,dubovinius,dubovinius,iSlingShlong,iSlingShlong,iSlingShlong,iSlingShlong,iSlingShlong,JebSenrab,IShotAGrapefruit7
9,kattuganji,mdb_la,Aurallius,the-steel-curtain,futureswife,futureswife,DudhaneShrey86,EstefanySP,baldonebighead,baldonebighead,baldonebighead,baldonebighead,baldonebighead,thefifthangel141,thefifthangel141,Archy99,Archy99,iSlingShlong,iSlingShlong,iSlingShlong,iSlingShlong,iSlingShlong,iSlingShlong,iSlingShlong,iSlingShlong,iSlingShlong,iSlingShlong,JebSenrab,JebSenrab,JebSenrab,JebSenrab,JebSenrab,Almighty_Elephant,DirtyDoucher1991
10,NovaEclipse250,giro_di_dante,Theklawnumber2,futureswife,DudhaneShrey86,DudhaneShrey86,EstefanySP,Nimbleseaurchin,thefifthangel141,thefifthangel141,thefifthangel141,thefifthangel141,thefifthangel141,funko_69,funko_69,ramen_rooster,ramen_rooster,Eve-lyn,Eve-lyn,Eve-lyn,Eve-lyn,Eve-lyn,Eve-lyn,Eve-lyn,Eve-lyn,Eve-lyn,Eve-lyn,Almighty_Elephant,Almighty_Elephant,Almighty_Elephant,Almighty_Elephant,Almighty_Elephant,IShotAGrapefruit7,saraena
11,ARTIFICIAL_SAPIENCE,Invisible_Blue_Man,Vicer3xciser,DudhaneShrey86,Whoa_Dudes,Whoa_Dudes,Nimbleseaurchin,baldonebighead,Cyfer_Ninja_3006,Cyfer_Ninja_3006,Cyfer_Ninja_3006,Cyfer_Ninja_3006,Cyfer_Ninja_3006,Archy99,Archy99,dubovinius,dubovinius,kourtroom,JebSenrab,JebSenrab,JebSenrab,JebSenrab,JebSenrab,JebSenrab,JebSenrab,JebSenrab,JebSenrab,IShotAGrapefruit7,IShotAGrapefruit7,IShotAGrapefruit7,IShotAGrapefruit7,IShotAGrapefruit7,DirtyDoucher1991,pastdivision
12,LiAngel70,Shunooks,ZslayerX17,Whoa_Dudes,EstefanySP,EstefanySP,i-yeetus-that-fetus,thefifthangel141,funko_69,funko_69,funko_69,funko_69,funko_69,ramen_rooster,ramen_rooster,iSlingShlong,iSlingShlong,JebSenrab,Almighty_Elephant,Almighty_Elephant,Almighty_Elephant,Almighty_Elephant,Almighty_Elephant,Almighty_Elephant,Almighty_Elephant,Almighty_Elephant,Almighty_Elephant,DirtyDoucher1991,DirtyDoucher1991,DirtyDoucher1991,DirtyDoucher1991,DirtyDoucher1991,saraena,Mutating_Mammal
13,Timmace,cbass62083,cmaj7flat5,Lucianity23,Nimbleseaurchin,Nimbleseaurchin,pie-rate_pear-rot,Cyfer_Ninja_3006,leninsrighttoe,leninsrighttoe,leninsrighttoe,leninsrighttoe,leninsrighttoe,dubovinius,dubovinius,cryfight4,Eve-lyn,Almighty_Elephant,Tim19678,Tim19678,Tim19678,Tim19678,Tim19678,Tim19678,Tim19678,Tim19678,Tim19678,saraena,saraena,saraena,saraena,saraena,pastdivision,pumpkinpatch6
14,Eat-the-Poor,Birb_from_BOTD,atryvas_atvalas,sithmaster0,sarthakRddt,sarthakRddt,Doomsdaysushi,IdidntWant2come,Archy99,Archy99,Archy99,Archy99,Archy99,iSlingShlong,iSlingShlong,Eve-lyn,kourtroom,FuckBoy909,IShotAGrapefruit7,IShotAGrapefruit7,IShotAGrapefruit7,IShotAGrapefruit7,IShotAGrapefruit7,IShotAGrapefruit7,IShotAGrapefruit7,IShotAGrapefruit7,IShotAGrapefruit7,pastdivision,pastdivision,pastdivision,pastdivision,pastdivision,Mutating_Mammal,sargon76
15,mdb_la,Luna404,the-steel-curtain,EstefanySP,Prince_Manay_Bora,Prince_Manay_Bora,baldonebighead,funko_69,ramen_rooster,ramen_rooster,ramen_rooster,ramen_rooster,ramen_rooster,lord_nikon_burned,Galaxy-327,kourtroom,JebSenrab,Tim19678,DirtyDoucher1991,DirtyDoucher1991,DirtyDoucher1991,DirtyDoucher1991,DirtyDoucher1991,DirtyDoucher1991,DirtyDoucher1991,DirtyDoucher1991,DirtyDoucher1991,Mutating_Mammal,Mutating_Mammal,Mutating_Mammal,Mutating_Mammal,Mutating_Mammal,pumpkinpatch6,roadkillchef_1
16,sirelagnithgin,MFrancesco,Jintokunogekido,Manju45,i-yeetus-that-fetus,i-yeetus-that-fetus,IsItSupposedToDoThat,leninsrighttoe,nyga504,dubovinius,dubovinius,dubovinius,dubovinius,Galaxy-327,cryfight4,JebSenrab,Almighty_Elephant,IShotAGrapefruit7,Mira_Miraonthewall,saraena,saraena,saraena,saraena,saraena,saraena,saraena,saraena,Margkam,Margkam,pumpkinpatch6,pumpkinpatch6,pumpkinpatch6,sargon76,yourownmomv2
17,Firecow75,prickly_plant,Inyox,Nimbleseaurchin,Evan_dood,Evan_dood,jvac23,KingWhiteStar,DreamyKnightmare,iSlingShlong,iSlingShlong,iSlingShlong,iSlingShlong,heavy_hiker,Eve-lyn,Almighty_Elephant,FuckBoy909,DirtyDoucher1991,saraena,pastdivision,pastdivision,pastdivision,pastdivision,pastdivision,pastdivision,pastdivision,pastdivision,pumpkinpatch6,pumpkinpatch6,sargon76,sargon76,sargon76,roadkillchef_1,Netherpizza
18,itsme_raypurchase,ctgreybeard,Itstruetrue,Spider939,Mr_Frible,Mr_Frible,HoolioDee,Archy99,OttawaPSW,thedarkmassacre,Commando-Red,Commando-Red,lord_nikon_burned,cryfight4,kourtroom,FuckBoy909,Tim19678,Mira_Miraonthewall,pastdivision,humblenoble,humblenoble,humblenoble,humblenoble,Mutating_Mammal,Mutating_Mammal,Mutating_Mammal,Mutating_Mammal,BluesDankIsGod,BluesDankIsGod,roadkillchef_1,roadkillchef_1,roadkillchef_1,yourownmomv2,CaptainN_GameMaster
19,giro_di_dante,Icy_B,Big-Gray,OfficechairHero,Thanosball6,Thanosball6,Gloman21,SomethingRandomYT,You-get-what-you-get,Commando-Red,lord_nikon_burned,lord_nikon_burned,Galaxy-327,Eve-lyn,JebSenrab,Tim19678,IShotAGrapefruit7,lindseyinnw,humblenoble,Mutating_Mammal,Mutating_Mammal,Mutating_Mammal,Mutating_Mammal,Margkam,Margkam,Margkam,Margkam,sargon76,sargon76,yourownmomv2,yourownmomv2,yourownmomv2,Netherpizza,A_RandomcHild
20,nutphillips,Mr_Luigi_Vercotti,9throwawayDERP,sarthakRddt,ChaqPlexebo,ChaqPlexebo,thealgoismydaddy,theMeatman7,thelamb710,lord_nikon_burned,Galaxy-327,Galaxy-327,heavy_hiker,kourtroom,Almighty_Elephant,IShotAGrapefruit7,DirtyDoucher1991,saraena,3249V,Eixz,Eixz,Eixz,Margkam,pumpkinpatch6,pumpkinpatch6,pumpkinpatch6,pumpkinpatch6,roadkillchef_1,roadkillchef_1,Netherpizza,Netherpizza,Netherpizza,CaptainN_GameMaster,Naima22
21,Invisible_Blue_Man,TheGr8Went,ken_jammin,Anothersimpleton,pie-rate_pear-rot,pie-rate_pear-rot,AmazingAmeba,ramen_rooster,toddrob,rywon,heavy_hiker,heavy_hiker,cryfight4,JebSenrab,FuckBoy909,DirtyDoucher1991,GrantSolar,pastdivision,Mutating_Mammal,Margkam,Margkam,Margkam,pumpkinpatch6,BluesDankIsGod,BluesDankIsGod,BluesDankIsGod,BluesDankIsGod,yourownmomv2,yourownmomv2,CaptainN_GameMaster,CaptainN_GameMaster,CaptainN_GameMaster,A_RandomcHild,Cowgirl_dandy12
22,Shunooks,draripov,BananaManJorge,Prince_Manay_Bora,Doomsdaysushi,Doomsdaysushi,RussianBusStop,nyga504,SoraTamiko,DeathcampEnthusiast,postart777,postart777,Eve-lyn,Almighty_Elephant,Tim19678,GrantSolar,magicnminecraft,humblenoble,Eixz,froopty1,froopty1,froopty1,BluesDankIsGod,Galaxy-327,Galaxy-327,Galaxy-327,Galaxy-327,Netherpizza,Netherpizza,A_RandomcHild,A_RandomcHild,A_RandomcHild,Naima22,MidnightJ1200
23,YellowSlimes,NoDrinksBefore12,Genisys_T2,i-yeetus-that-fetus,chromo_dynamic,chromo_dynamic,beeokee,TRWeebWithAHoodie,eerilyweird,Galaxy-327,hejemeh,hejemeh,rootin-commie,FuckBoy909,IShotAGrapefruit7,magicnminecraft,Mira_Miraonthewall,3249V,Margkam,pumpkinpatch6,pumpkinpatch6,pumpkinpatch6,Galaxy-327,sargon76,sargon76,sargon76,sargon76,CaptainN_GameMaster,CaptainN_GameMaster,Naima22,Naima22,Naima22,VazuXD,CurryLover33
24,cbass62083,eaglesfan247,futureswife,Evan_dood,baldonebighead,baldonebighead,thefifthangel141,CrispyCasNyan,dubovinius,Scottmerkle9,player8hun,player8hun,21hiccups,Tim19678,DirtyDoucher1991,Mira_Miraonthewall,sharontaterthots,Mutating_Mammal,froopty1,BluesDankIsGod,BluesDankIsGod,BluesDankIsGod,sargon76,roadkillchef_1,roadkillchef_1,roadkillchef_1,roadkillchef_1,A_RandomcHild,A_RandomcHild,VazuXD,VazuXD,VazuXD,Cowgirl_dandy12,CrixusDaGaul
25,StereoZ,emperor_savage,JadedAlready,Letsnotdocorn101,NoOnion-,NoOnion-,Cyfer_Ninja_3006,welldamn20,iSlingShlong,duckbombz,cryfight4,cryfight4,kourtroom,IShotAGrapefruit7,GrantSolar,sharontaterthots,DinoHank1130,Eixz,pumpkinpatch6,AnzuNakadai,Galaxy-327,Galaxy-327,roadkillchef_1,BeatMeatPotato,yourownmomv2,yourownmomv2,yourownmomv2,Naima22,Naima22,Cowgirl_dandy12,Cowgirl_dandy12,Cowgirl_dandy12,MidnightJ1200,wehooper4
26,GunplaGM,Aurallius,P23-1,Mr_Frible,CursedPleb,CursedPleb,Jushak,disynthetic,sirbruce,heavy_hiker,Eve-lyn,Eve-lyn,JebSenrab,DirtyDoucher1991,magicnminecraft,DinoHank1130,lindseyinnw,Margkam,BluesDankIsGod,Galaxy-327,sargon76,sargon76,BeatMeatPotato,yourownmomv2,Netherpizza,Netherpizza,Netherpizza,VazuXD,VazuXD,MidnightJ1200,MidnightJ1200,MidnightJ1200,CurryLover33,PANCHOSforFREE
27,Birb_from_BOTD,Idepreciateyou,MarcusWongTszHo,Thanosball6,oscarrulz,oscarrulz,IdidntWant2come,el_kraken6,Niinaalmendra,postart777,christianreeve93,christianreeve93,Sho_Nuff_The_Shogun,GrantSolar,Mira_Miraonthewall,lindseyinnw,saraena,froopty1,AnzuNakadai,jjsrabbit65,roadkillchef_1,roadkillchef_1,yourownmomv2,Netherpizza,bomberman324,CaptainN_GameMaster,CaptainN_GameMaster,koavf,koavf,VeeJay999,VeeJay999,VeeJay999,CrixusDaGaul,Cit_63
28,GlitchyMcGlitchFace,Theklawnumber2,beepmonster,cfmcg,IsItSupposedToDoThat,IsItSupposedToDoThat,Peterthemonster,thelostone03,Amei_,hejemeh,BadAcoustics,BadAcoustics,Almighty_Elephant,allotmentboy,sharontaterthots,saraena,pastdivision,pumpkinpatch6,Galaxy-327,sargon76,BeatMeatPotato,BeatMeatPotato,Netherpizza,bomberman324,CaptainN_GameMaster,A_RandomcHild,A_RandomcHild,Cowgirl_dandy12,Cowgirl_dandy12,CurryLover33,CurryLover33,CurryLover33,wehooper4,PlasmaStark
29,Luna404,kairthe,LoserFantasia,ends_abruptl,jvac23,jvac23,gorp-tek,Purracan,Spartanvision,turkajerk7049,rootin-commie,rootin-commie,Salad_Ladd,magicnminecraft,PepeLePunk,DeathMetalandBondage,humblenoble,Your_Local_Memer1776,jjsrabbit65,RichardotheCrusader,yourownmomv2,yourownmomv2,bomberman324,CaptainN_GameMaster,legendaryninjadude,Naima22,Naima22,MidnightJ1200,MidnightJ1200,CrixusDaGaul,CrixusDaGaul,CrixusDaGaul,PANCHOSforFREE,Timo6506
30,SUPERWAFFLEFRISBEE,Flight_19_Navigator,Drown_In_The_Void,TheAskald,Prettylieswillperish,Prettylieswillperish,MiaWard88,dismayhurta,thedarkmassacre,chem_equals,SatiricalManiac,SatiricalManiac,FuckBoy909,Birb_from_BOTD,DinoHank1130,pastdivision,3249V,BluesDankIsGod,sargon76,roadkillchef_1,Netherpizza,Netherpizza,CaptainN_GameMaster,legendaryninjadude,A_RandomcHild,Sporkido,Sporkido,VeeJay999,VeeJay999,wehooper4,wehooper4,wehooper4,Cit_63,WelcomeMarrow37
31,Muthafuckaaaaa,PBIS01,ItsDavidz,PrawnutButter,rileypotpie,rileypotpie,funko_69,patiolanterns1,Commando-Red,player8hun,21hiccups,21hiccups,Tim19678,towerofterror,lindseyinnw,humblenoble,Mutating_Mammal,AnzuNakadai,RichardotheCrusader,BeatMeatPotato,bomberman324,bomberman324,legendaryninjadude,A_RandomcHild,Naima22,VazuXD,VazuXD,me_not_at_work,CurryLover33,PANCHOSforFREE,PANCHOSforFREE,PANCHOSforFREE,abjected-horror,LooseUpstairs
32,PoppinsV1,Lord-of-the-Lord,Unb0theredAF,PrinceProspero9,figit090,figit090,intrusive_r,makvartan,Dtaild,Tyranim,joshhatfield1,joshhatfield1,IShotAGrapefruit7,jason73canada,saraena,3249V,Eixz,Galaxy-327,roadkillchef_1,yourownmomv2,MouthOfAWhale,MouthOfAWhale,A_RandomcHild,Naima22,Sporkido,koavf,koavf,CurryLover33,CrixusDaGaul,Cit_63,Cit_63,Cit_63,PlasmaStark,MisterVaridoianis
33,anthonysfreeman,mrmotinjo,flooraids,ChaqPlexebo,superbabe69,superbabe69,UNKNOWN1,AVDLatex,realDaniel17,Blindphleb,9mmBiker420,9mmBiker420,DirtyDoucher1991,TrubiscuitsAndGravy,DeathMetalandBondage,datfunkymusicboi,Margkam,LogicalOrchid28,Valraithion,Netherpizza,ralfreza,CaptainN_GameMaster,Naima22,Sporkido,VazuXD,Cowgirl_dandy12,Cowgirl_dandy12,CrixusDaGaul,wehooper4,abjected-horror,abjected-horror,abjected-horror,Timo6506,fireamoe
34,MFrancesco,AlwaysAWomanToYou,Gclark1226,RuneKatashima,HoolioDee,HoolioDee,rabbilewin,bearofjade,Tbo010,cryfight4,ggg730,ggg730,GrantSolar,Mira_Miraonthewall,Darkside_of_the_Poon,Mutating_Mammal,b_lion2814,jjsrabbit65,Jobasaurus,bomberman324,CaptainN_GameMaster,legendaryninjadude,Sporkido,VazuXD,koavf,MidnightJ1200,MidnightJ1200,wehooper4,PANCHOSforFREE,PlasmaStark,PlasmaStark,PlasmaStark,WelcomeMarrow37,HVStalinov
35,SaCanty,NewNameWhoDisThough,Meghanshadow,That_guy_of_Astora,brodosphotos,brodosphotos,leninsrighttoe,Baklava21,TreborEnglish,Guac_in_my_rarri,kourtroom,kourtroom,MagnusBrickson,sharontaterthots,pastdivision,Omno555,froopty1,sargon76,BeatMeatPotato,MouthOfAWhale,legendaryninjadude,A_RandomcHild,VazuXD,koavf,Cowgirl_dandy12,VeeJay999,VeeJay999,PANCHOSforFREE,Cit_63,Timo6506,Timo6506,Timo6506,LooseUpstairs,elitist_ferret
36,prickly_plant,Darknessdown,abelincoln3,Ashiex94,KeirNix,KeirNix,AnalogPickleCat,akwafunk,KingSlayer1090,Eve-lyn,JebSenrab,JebSenrab,PoonSwoggle,Cats_Are_Fake,humblenoble,Duke-of-Nuke,jreluctance,RichardotheCrusader,yourownmomv2,fatlazybastard,A_RandomcHild,JaapOosterbroek,koavf,Cowgirl_dandy12,MidnightJ1200,me_not_at_work,me_not_at_work,Cit_63,abjected-horror,WelcomeMarrow37,WelcomeMarrow37,WelcomeMarrow37,MisterVaridoianis,mineyoursmine
37,turtlecrossing,Rightcurved,haley_joel_osteen,G3N5YM,Micmac1007,Micmac1007,Antnguyen91,DreamyKnightmare,Mikey8318,christianreeve93,Sho_Nuff_The_Shogun,Sho_Nuff_The_Shogun,allotmentboy,PepeLePunk,shanebelaire,Eixz,AmoreVidas,roadkillchef_1,Racoon9128,TasteMyMachineGun,JaapOosterbroek,Naima22,Cowgirl_dandy12,MidnightJ1200,VeeJay999,CurryLover33,CurryLover33,abjected-horror,PlasmaStark,Aggron-sive,LooseUpstairs,LooseUpstairs,fireamoe,BradBradley1
38,ctgreybeard,Affinity420,Liri158,Bridgeri127,YupYupDog,YupYupDog,GuyForgotHisPassword,OttawaPSW,lord_nikon_burned,BadAcoustics,Almighty_Elephant,Almighty_Elephant,plsobeytrafficlights,DinoHank1130,BombingBerend,Milkiorre,Broserk42,Valraithion,bravebomb01,Ashton_Hyll,Naima22,Sporkido,MidnightJ1200,VeeJay999,me_not_at_work,CrixusDaGaul,CrixusDaGaul,PlasmaStark,Timo6506,LooseUpstairs,MisterVaridoianis,MisterVaridoianis,HVStalinov,SunshineOnUsAgain
39,stboondock,Woogywoogy,MackJacoy,Throwawayshmoaway89,bigdaddymurphy,bigdaddymurphy,Theorthocone,BlandQuirkyCzech,rywon,BlankVerse,Salad_Ladd,Salad_Ladd,wobdag89,lindseyinnw,3249V,Margkam,pumpkinpatch6,ThePancakeChair,nastyyyxnickkk,ralfreza,nopantsno,Abseee,VeeJay999,me_not_at_work,CurryLover33,wehooper4,wehooper4,Timo6506,WelcomeMarrow37,MisterVaridoianis,Grognak_the_Orc,Grognak_the_Orc,elitist_ferret,Kanexan
40,puipuiie,AlphaStryk3r,Miztr,pie-rate_pear-rot,Gloman21,Gloman21,Hysterymystery,lost-cat,softcobrawebb,Huge_Big,FuckBoy909,FuckBoy909,kcmike,saraena,datfunkymusicboi,PM_ME_UR_CONSPIRACYS,slam_cham,EscheroOfficial,Netherpizza,CaptainN_GameMaster,Sporkido,wookie6989,me_not_at_work,stronghammer1234,CrixusDaGaul,Dirge_Arcana,Dirge_Arcana,WelcomeMarrow37,Aggron-sive,Grognak_the_Orc,fireamoe,fireamoe,mineyoursmine,patrickc4
41,lucassommer,Slumdunder,maineff,Doomsdaysushi,lleon117,lleon117,jupitercups,You-get-what-you-get,DeathcampEnthusiast,suckmycalls,Tim19678,Tim19678,BatDaddyWV,Bigbayyeehaw,Mutating_Mammal,b_lion2814,Your_Local_Memer1776,ururaka_xx,bomberman324,cooperationisgood,agarriberri33,VazuXD,VictoriaEuphoria99,CurryLover33,wehooper4,ablondedude,ablondedude,Aggron-sive,LooseUpstairs,fireamoe,HVStalinov,HVStalinov,BradBradley1,superbcount
42,CantaloupeCamper,Swampguerillas,-code,AFatPandasaur,danieltan1502,danieltan1502,Neogalik,vorticalbox,Galaxy-327,38474737w0,Sheesh15,Sheesh15,magicnminecraft,drerar,Omno555,SlamDuncerino,Yo-Yo180,pooppeebuttmcnuggets,TheR2P2,DefaultMaleNPC,LordOfCows23,koavf,stronghammer1234,locrian66,Dirge_Arcana,PANCHOSforFREE,PANCHOSforFREE,LooseUpstairs,MisterVaridoianis,HVStalinov,elitist_ferret,elitist_ferret,SunshineOnUsAgain,Dizzzyyyy
43,Craigrets,noblinj82,BlueJackFlame,chromo_dynamic,thealgoismydaddy,thealgoismydaddy,DylsC,7empests,piercedsoul,soupychip3261,IShotAGrapefruit7,IShotAGrapefruit7,Birb_from_BOTD,DeathMetalandBondage,Duke-of-Nuke,skanksmcoy,BluesDankIsGod,Jobasaurus,MouthOfAWhale,Ver_zero,Abseee,Cowgirl_dandy12,CurryLover33,CrixusDaGaul,ablondedude,Cit_63,Cit_63,MisterVaridoianis,Grognak_the_Orc,elitist_ferret,mineyoursmine,mineyoursmine,Kanexan,Richzorb1999
44,Babbylonian,icalled911,DudhaneShrey86,baldonebighead,AmazingAmeba,AmazingAmeba,smartcooki,jnbr_,Mr_Smith_online,natemares,LifeSavingHotlines,LifeSavingHotlines,JscrumpDaddy,Darkside_of_the_Poon,defiantp12,froopty1,Smite404,_TheYellowKing_,injuredflamingo,legendaryninjadude,wookie6989,MidnightJ1200,charlie_479_,wehooper4,PANCHOSforFREE,abjected-horror,abjected-horror,Grognak_the_Orc,fireamoe,mineyoursmine,BradBradley1,BradBradley1,patrickc4,jensen88058
45,Icy_B,sxhx1,jigsawmap,NoOnion-,Annoynymous1224,Annoynymous1224,subtoopew,alex2015,bizzyunderscore,rootin-commie,Ha1lStorm,Ha1lStorm,SchnoodleDoodleDo,pastdivision,MaximumEffort433,jreluctance,AnzuNakadai,Lovus368,WhaleBoi3000,A_RandomcHild,swigitystiber1234,VeeJay999,locrian66,Dirge_Arcana,Cit_63,PlasmaStark,PlasmaStark,fireamoe,HVStalinov,BradBradley1,SunshineOnUsAgain,SunshineOnUsAgain,ION606,Or-Your-Money-Back
46,khaaytil,randomredditt0r,weedsy_io,CursedPleb,RussianBusStop,RussianBusStop,Suchu_,Doberman7290,manpearbig23,GobiBall,masbond84,masbond84,ArabianHorse18,SwagerDager69,Quasontt,samuelpsalt,weird_foreign_odor,BeatMeatPotato,RealFlyForARyGuy,JaapOosterbroek,VazuXD,me_not_at_work,CrixusDaGaul,ablondedude,abjected-horror,Timo6506,Timo6506,HVStalinov,elitist_ferret,SunshineOnUsAgain,Kanexan,Kanexan,superbcount,simcoecitra
47,ggiwasbubonicplague,mihiterina,mixedmediums,NachoMarx,xsconfused,xsconfused,Fatbot41,mrstovely,Pre10s2bcoo,SatiricalManiac,DirtyDoucher1991,DirtyDoucher1991,towerofterror,humblenoble,wiserone29,Joshru,hrithikbeats,yourownmomv2,fatlazybastard,Naima22,koavf,VictoriaEuphoria99,wehooper4,WiddleBlueBert,PlasmaStark,WelcomeMarrow37,WelcomeMarrow37,elitist_ferret,mineyoursmine,Kanexan,patrickc4,patrickc4,Dizzzyyyy,Tim19678
48,jammy-git,EdwEd1,Deep_Ice,AsterEverlee,BasicTime,BasicTime,KingWhiteStar,BlitzTakesRisks,Scottmerkle9,Geekrock84,unnamed887,unnamed887,Electrikmelon,shanebelaire,Sadc21,AmoreVidas,billdietrich1,Ijustwnnabeme,theendiswhat,nopantsno,Cowgirl_dandy12,stronghammer1234,Dirge_Arcana,PANCHOSforFREE,Timo6506,Aggron-sive,Aggron-sive,FrancoElManco2,BradBradley1,patrickc4,ION606,ION606,Richzorb1999,Aurallius
49,me_colin,Vicer3xciser,WorkerOfWorking,elzamay,beeokee,beeokee,westcoasterr,Billy_Gay_Cyrus,TheAwesomeBit,21hiccups,harpage,harpage,Elric2082,ajr901,immortal-Iron-Fist,yeahnoworriesmate,Galaxy-327,Grand_Ad2843,TasteMyMachineGun,IAMA_Drunk_Armadillo,MidnightJ1200,CurryLover33,booksandscience,Cit_63,WelcomeMarrow37,LooseUpstairs,LooseUpstairs,mineyoursmine,SunshineOnUsAgain,NerdPunkFu,WazerLazr,superbcount,jensen88058,manchegan
50,Mr_Luigi_Vercotti,hash0t0,whitesebastian,oscarrulz,drenchedstone,drenchedstone,JM13HOCKEY,DemonFtIllusion,duckbombz,joshhatfield1,FishTure,FishTure,lifeisaaron,BombingBerend,Eixz,Broserk42,LogicalOrchid28,jonbristow,Gdb102093,anatomicallyretartid,VeeJay999,cyclopsw11,igetasticker,abjected-horror,Aggron-sive,MisterVaridoianis,MisterVaridoianis,BradBradley1,Kanexan,ION606,superbcount,Dizzzyyyy,Or-Your-Money-Back,ardycake
51, ,Kaopad1981,Spiritual-Function,IsItSupposedToDoThat,mistakenidenty-,mistakenidenty-,Hakuru15,kirby__000,heavy_hiker,real_Janway,LJSM2020,LJSM2020,networkslave,3249V,Bass3642,Ducking1208,jjsrabbit65,SlitScan,Ashton_Hyll,IsayPoirot,me_not_at_work,JafaKiwi,ablondedude,PlasmaStark,LooseUpstairs,PervertedPsychopath1,PervertedPsychopath1,SunshineOnUsAgain,patrickc4,WazerLazr,Dizzzyyyy,Richzorb1999,simcoecitra,DoubleWamBam
52, ,ZslayerX17,cru5tyd3m0nX,jvac23,SciencePhysicist,SciencePhysicist,Archy99,cai_shearman,SpagooterCooter,pavoganso,Toby_Sparks_mayor,Toby_Sparks_mayor,Whatisadorb,datfunkymusicboi,Milkiorre,wobblywiki,Pink3y3,hyenahiena,TheGraySeed,bacon_catz_karma,Mediumsizeddave,charlie_479_,sunnaryt,Timo6506,MisterVaridoianis,Grognak_the_Orc,Grognak_the_Orc,Kanexan,NerdPunkFu,superbcount,Jewfinigan,jensen88058,Lorenboy2001,XxswifterxX
53, ,cmaj7flat5,ForcastProperly,Prettylieswillperish,thefifthangel141,thefifthangel141,2tothe1tothe6,Snogreino,postart777,9mmBiker420,Mattstapiece,Mattstapiece,ducasseererter,Mutating_Mammal,Shake_N_BakeUK,aveuwu,zyhhuhog,GO_Nyxton,ralfreza,AzuraSkyeoftheAbyss,VictoriaEuphoria99,locrian66,WiddleBlueBert,fuffex,PervertedPsychopath1,fireamoe,fireamoe,patrickc4,ION606,Dizzzyyyy,Richzorb1999,Fenellawep03,Tim19678,fixer007
54, ,rickderp,bayhorsepainthorse,PandaMandaMay,gOkYS-bItCH,gOkYS-bItCH,icetilt,tako_guy,keithykit,artoramen,BrGuy10,BrGuy10,jason73canada,SquadCammander354,pplmbd,gangbangkang,hewhoisgomez,chatrezzarinho,Medothelioma,jesuskater,Martin-Jansen,CrixusDaGaul,ciasis,WelcomeMarrow37,Grognak_the_Orc,HVStalinov,HVStalinov,NerdPunkFu,WazerLazr,Jewfinigan,jensen88058,Or-Your-Money-Back,Aurallius,SpunkyPajogi
55, ,redditslim,tttt11112,rileypotpie,Nergaal,Nergaal,Mastafran,FriddyNanz,hejemeh,strawberries6,retief1,retief1,Nicko437,Guess_this_Guest,Margkam,GameGenie32,sargon76,anil2152,StevCurry,Sporkido,Lilgherkin,wehooper4,PANCHOSforFREE,andromedazzz,fireamoe,elitist_ferret,elitist_ferret,UnacceptableUse,LuminousOW,Richzorb1999,Fenellawep03,simcoecitra,manchegan,UntouchedSack
56, ,verticluzi,gobbagobble,rintryp,Asian_lightskin,Asian_lightskin,dutch_penguin,thelamb710,nugget-killer,ggg730,Agent599,Agent599,ZestyGamingHD,Omno555,waldo951,jaredde,RichardotheCrusader,Vortex241207,alchn,wparad,TerraceTourist,EastSideTilly,Cit_63,BassWingerC-137,HVStalinov,FrancoElManco2,FrancoElManco2,ION606,superbcount,jensen88058,Or-Your-Money-Back,Lorenboy2001,ardycake,SquirrelSultan
57, ,atryvas_atvalas,Czelious,RoyalOccasion,luodianup,luodianup,Leaf-Currency,Wilde1420,HammersDragons,nothing_fancy21,ButtholeQuiver,ButtholeQuiver,TrubiscuitsAndGravy,Duke-of-Nuke,baronvonhawkeye,la_voie_lactee,foodie487,Lord_Chthulu,speedfreak31,Richtoveen,StrawberryDonettes,Harbley,abjected-horror,this_site_is_fucked,ElegantEggplant,LeFricadelle,LeFricadelle,pyxisargonauts,bigkeksmallkek,nice_toes,simcoecitra,Trinityriverlookout,DoubleWamBam,slicecakes
58, ,FedoraTipper34,Whoa_Dudes,figit090,knedlicek23,knedlicek23,starmandan,wyattlee1274,Dom-2019,kourtroom,GrantSolar,GrantSolar,pezzhead,luisnayotl,cjm92,jayatisinghal,zhangcohen,Racoon9128,jasonkusterer,Girl1977,myxomoto,Dirge_Arcana,he_kneaded_an_eraser,Aggron-sive,elitist_ferret,JcsPocket,JcsPocket,WazerLazr,Dizzzyyyy,Fenellawep03,Lorenboy2001,vxpelxrd,XxswifterxX,The_Maggot_Guy
59, ,the-steel-curtain,Aword13,Aniviapls,Cyfer_Ninja_3006,Cyfer_Ninja_3006,SomethingRandomYT,Terravash,turkajerk7049,tired1232,ThiccSocks69,ThiccSocks69,Mira_Miraonthewall,SunOverSnowPlease,RealGianath,pumpkinpatch6,kevinsweeneyrvt,BringTheSnowM8,JabroniSn0w,Foodbagg,sjukastehumorn_yt,booksandscience,Jakewakeshake,LooseUpstairs,FrancoElManco2,mineyoursmine,mineyoursmine,LuminousOW,Jewfinigan,Or-Your-Money-Back,Trinityriverlookout,Tim19678,fixer007,Xanta_Kross
60, ,AptCasaNova,_AlreadyTaken_,Cormegalodon,Furious_Jones,Furious_Jones,TwiceCalledDead,mmenzel,throwaway01828261728,Proper-Solution,BananaSoupStew420,BananaSoupStew420,sharontaterthots,Icestar552,pertinax_127,JBurton90,cplrodrigo89,Dr_Fuzzy_Slippers,hell-brent,yexilung,AnimatedPixelArtBot,igetasticker,BipolarRambling,MisterVaridoianis,LeFricadelle,BradBradley1,BradBradley1,superbcount,craftymamaofboys09,simcoecitra,vxpelxrd,Aurallius,SpunkyPajogi,TK_Sleepytime
61, , ,Lucianity23,superbabe69,jrosillo3,jrosillo3,Toe_of_Patriarchy,toddrob,chem_equals,abbyrae55,handful_of_ants,handful_of_ants,ataberkrtln,defiantp12,PM_ME_UR_CONSPIRACYS,munificent,MBSurvivor1,rdrunner_74,asmondena10,OkarinTuturu,pinkcloud099,ablondedude,PlasmaStark,PervertedPsychopath1,Guest_4710,egg1st,egg1st,bigkeksmallkek,Richzorb1999,Lorenboy2001,Tim19678,igrowkush,UntouchedSack,BrinaSour
62, , ,AlternativePool,Kushglo,yoohoovoodoo,yoohoovoodoo,la_la_7,Prometheus479,player8hun,Dickwagger,MagnusBrickson,MagnusBrickson,Cats_Are_Fake,sm1rr0r,DadymadeAstinky,Munkygunny,RC531976,Wall-E_Smalls,ShaggysGTI,hecking--heck,ZivH08ioBbXQ2PGI,sunnaryt,DeminoTheDragon,Grognak_the_Orc,sandwh1ch,SunshineOnUsAgain,SunshineOnUsAgain,Dizzzyyyy,auzrealop,Trinityriverlookout,Aurallius,manchegan,SquirrelSultan,sorasfishing
63, , ,LordBobthePCBuilder,HoolioDee,Jushak,Jushak,theMeatman7,SoraTamiko,fmou67,JebSenrab,jpengilly,jpengilly,PepeLePunk,scorpiosex,maize-n-blue97,ishitglitterforlove,BuddhistSagan,jqncg,Hallulla_,tx_drew,JackKaffka,WiddleBlueBert,Timo6506,ScreweyLogical,JcsPocket,RedditRampant,ShadowsBali101,Jewfinigan,jensen88058,vxpelxrd,igrowkush,ardycake,slicecakes,DrMcMeow
64, , ,1488-for-life,bttrflyr,Karen366,Karen366,ramen_rooster,neo132io,CommercialPlenty2,Sho_Nuff_The_Shogun,Scurzz,Scurzz,steengapur,TPermboiSM,mud_tug,nickfrik,Mr_fox27,lt13jimmy,CaptainN_GameMaster,ocullen,MrPaulescu,yeaight71,sans_serif_size12,fireamoe,mineyoursmine,ShadowsBali101,AlbertodeVictoria,craftymamaofboys09,nice_toes,Tim19678,Marchief,DoubleWamBam,The_Maggot_Guy,ChemoDrugs
65, , ,sithmaster0,BedroomAcoustics,pandaman1784,pandaman1784,momax_powers,singwhatyoucantsay,Tyranim,Wryd3n,FrankRamm,FrankRamm,BelliBigD,horny_joker,b_lion2814,Zankman,MysticScribbler,bravebomb01,Master_Vicen,asocial_ambivert,DaFunkJunkie,MsJenny1983,fuffex,HVStalinov,BradBradley1,kinopiokun,Kanexan,Richzorb1999,Fenellawep03,Aurallius,manchegan,XxswifterxX,Xanta_Kross,Ryoteck
66, , ,galliumArtist,brodosphotos,IdidntWant2come,IdidntWant2come,prabuddhasl,SlickSii,Blindphleb,ioshiraibae,GD9000,GD9000,Zaroden,MLtinkerer,Grong-the-Red,wyssaj01,username_copiedd,hereisdankness,propain525,DrRotger,tvCactus,JanMath,jepper65,doktarlooney,Cheselth,jjvega1998,patrickc4,undeadhonkboi,TheHappyEater,jvx2020,HarkerBarker,fixer007,TK_Sleepytime,Zokalyx
67, , ,lovemountainsmusic,necropants,itsyagirlbw,itsyagirlbw,boanngles,eerilyweird,_Twan_,LogEDude,LeTravelMag,LeTravelMag,DinoHank1130,girbiotic,finalriposte,PinFine7593,Kumadori012,Yoyo_irl,Jason293071,RoyalEscondido,abu_uthaymeme,ciasis,zaynthelegend,E4T5HIT,egg1st,AlbertodeVictoria,delighted_platypus,sassy_vanilla,Or-Your-Money-Back,_learning_as_I_go_,ardycake,SpunkyPajogi,BrinaSour,HyperNathan
68, , ,EstefanySP,chumbucketfan4life,yaboimankeez,yaboimankeez,nyga504,manutdfanbg,johnkohhh,Marconator39,PoonSwoggle,PoonSwoggle,maha-rh,jeffersun8,baby-with-a-gun,slam_cham,Duke_of_Dew,Meanbrews,pussymonsternomnom,IAmGrumpous,kuber01,CFOofThrowaways,Y-Boi,ElegantEggplant,JamHatch,Kanexan,mykeuk,present_tense_,simcoecitra,igrowkush,DoubleWamBam,UntouchedSack,sorasfishing,OniExpress
69, , ,akgearbuds,mongoosedog12,Isoldel,Isoldel,TRWeebWithAHoodie,dubovinius,Denis_J,justsomerandobih,pvnco,pvnco,SandmanM4,kogent-501,Non-Polar,Psychology-Fun,Jedorawr,tiorzol,whiskeylady,wettski-wyrob,stronghammer1234,Atom_Dynamite,MacVinDash,ProjectVRD,SunshineOnUsAgain,redditor67tny,NerdPunkFu,ButtonMysterious,Lorenboy2001,Marchief,XxswifterxX,SquirrelSultan,DrMcMeow,Reaperosha
70, , ,XterrezX,Ficay,Tatsumi24,Tatsumi24,182Aliensexist,iSlingShlong,nastyhammer,selvacorps,Catowong,Catowong,lindseyinnw,southbound6,danjf424,skapuppet,Shawnzey124,albanyuncool,mydogclifford,sciencelover1992,ebony_man,jackcyr99,llunarllamas,Closet0taku,Nerf_Engineer1000,patrickc4,UnacceptableUse,donbosco2017,Techhead7890,Turatar,fixer007,slicecakes,ChemoDrugs,TheCreatorLiedToUs
71, , , ,evil_fungus,brokenpipboy,brokenpipboy,jcrave,MountAndBladeWarband,gubbatv,dannypee92,not_today_trebeck,not_today_trebeck,saraena,DeanEarwicker,TempestP0602,Ang3lic_Hunt3r,MrThiccem,carrotcakepie45,MidwesternSorceror,rddeshpande6,RushIsBack,gaii47,kawnation,Delikkah,RedditRampant,delighted_platypus,DigNugget9,Obvious-Drive299,TeeNuggetTa,manchegan,SpunkyPajogi,melotrem,impressablenomad38,sev7en25077
72, , , ,KeirNix,xpb17,xpb17,cornelha,GoodOldMalk,RamboFalconX,darkuni,gael_the_druid,gael_the_druid,Cyborg_rat,imcarly,giratinaexholon,SummerMummer,LauraLoo35,BangDee,blaster876,garagehirohata,beaverenthusiast,PANCHOSforFREE,WelcomeMarrow37,Heliarc,ShadowsBali101,mykeuk,ION606,rJRobertFalcon,Trinityriverlookout,OkkBrilliant,UntouchedSack,The_Maggot_Guy,THAC0-Tuesday,bennidictboi
73, , , ,Micmac1007,stvoyagerldy,stvoyagerldy,_vha,sirbruce,monitorfrick,Stereoparallax,MarylandMermaid,MarylandMermaid,Bigbayyeehaw,SirBing96,Thats_right_asshole,playalisticadillac,enfield22,nastyyyxnickkk,Mister_Twinkletoes,CaptainNoodleArm,The8thBitYT01,tianath,theazndoughboy,spammmmm1997,ABZB,NerdPunkFu,BallisticBeaver03,auzrealop,Apprehensive_Beach_6,somekindof-monster,atomic223,Xanta_Kross,Ryoteck,hairysonorth
74, , , ,YupYupDog,Peterthemonster,Peterthemonster,Soulburner74,Niinaalmendra,gloryfindel,Almighty_Elephant,thetomce329,thetomce329,KajeLeMagnifique,jonxlewis,SlamDuncerino,NeilSawyer,bridgejumper69,Netherpizza,MyManD,JollyGreenGoblin,tairch,Cit_63,Phoenixstorm,garuga300,Sjiethoes,UnacceptableUse,pyxisargonauts,BARRYBOII,vxpelxrd,HarkerBarker,SquirrelSultan,TK_Sleepytime,Ketchup901,bokutosthighs69
75, , , ,ANALHACKER_3000,gorp-tek,gorp-tek,BudgetButton,SyncingShiip,techhead57,Salad_Ladd,allotmentboy,allotmentboy,PlUmPaSsChIcKeN,nbarbettini,Zdravkoo,paralyticparalegal,roadkillchef_1,Coldfang89,cooperationisgood,DeadSalas,ericof,WitcherHyper,natemaggio,KevGordy,thundermage117,DigNugget9,Soonerpalmetto88,IzH98,AnnihilatorUk,elysianprincess,slicecakes,A_French_Kiwi,Zokalyx,yehyehyehyehyehyeh
76, , , , ,ahlabama,ahlabama,vintagebabe92,all_my_uwus,AFOXlDEN,captianpicard,plsobeytrafficlights,plsobeytrafficlights,drerar,SynOfDeath,skanksmcoy,big-four-head-kid,IOVERCALLHISTIOCYTES,bomberman324,GeorgeSorehoes,listener4,CurryLover33,abjected-horror,chemicalcanon,GhostyDosy,bimmerb0ii,fuel126,jmbieber,Sternkanz,hubeliduu,ardycake,ManofCulture187,BrinaSour,SemmBall,LLS86
77, , , , ,MiaWard88,MiaWard88,Ravenhold88,DarkGamer,b4mbus_,JackRourke343,MaximumJay666,MaximumJay666,DeathMetalandBondage,nicks_86,Low_On_Coffee,Twolostsouls94,zakimiyars,TheR2P2,DefaultMaleNPC,Berain666,cyclopsw11,Cards114life,strato1981,elitist_ferret,AtrumCanis,Staruad,WazerLazr,jensen88058,The_Flail,stag7533,melotrem,this_too_shall_parse,carmike692000,Colabunnyfoofoo
78, , , , ,alfa619,alfa619,edgie168,Amei_,randomguyonline59,castle23clash,irideadirtbike,irideadirtbike,joseph_was_here,CPAyeLmao,rihispp,nicestnicer,Shadowcard4,MouthOfAWhale,Ver_zero,xTobrahamx,albertaviacao,Vincentisbetter,Deanocide,The-Original_Pancake,ActualWhiterabbit,Zlosynovo,LuminousOW,J0hnnykarate,Tim19678,DoubleWamBam,namelessking20,ElbowDeepInAFeline,Nosequious,_D_M_T_-
79, , , , ,funko_69,funko_69,davidpakman,Spartanvision,kadupse,FuckBoy909,DolorousPenguin,DolorousPenguin,Dreyfus2006,MaximumEffort433,luxtabula,Danton33,Bullseye4hire,drmiste,jumbojonesonham,AlviesNight,roselle1636,he_kneaded_an_eraser,zonel123,pikaboo27,Ontopourmama,pirpirpir,R0571N,Xaxos92,Aurallius,timmyyak,The_Maggot_Guy,AmishSloth84,Crypt_Knight,Skellyfiora
80, , , , ,intrusive_r,intrusive_r,rom_mor96,thedarkmassacre,loganVA2016,Tim19678,JustCallMeJocke,JustCallMeJocke,axmantim,andi98989,noxcrab,TheMindfulNut,Throwawaycuzsneaky,bad_at_hearthstone,tomsomethingorother,Revolutionary-Growth,pi-nk-gi-rl,u_commit_die,Dense_Square,lebronjamesboi,Lagoon12002,judgeharoldtstone,pnptubecom,reallyblueballs,MadeInHK4u4,Motor-Reindeer-8257,Xanta_Kross,edinc90,arcxjo,Grognak_the_Orc
81, , , , , , ,Randolm,dragon0412,cryfight4,Sheesh15,FredEricNorris,FredEricNorris,Darkside_of_the_Poon,RustyBrick52,ab355,FECKERSONjr,snufflebutt4,eyes_like_the_sea,legendaryninjadude,Big_J_420,ubiquitous_pear,skorpionrazor,poshdiggs,MisterSlamdsack,merv1618,__Dawn__Amber__,MaveRick_TheBoss,nice_toes,xstrex,saugoof,BedHeadMarker_2,xXxllamallamaduckxXx,sobrul3,LonelyAsian99
82, , , , , , ,CrispyCasNyan,yas9in,Totale-Substanz,RolesG,SmoothGeneral9,SmoothGeneral9,pastdivision,Sorry-Operation,Kozamog1,Le_Bacon,Valraithion,Akapulko06,YourNeighborNecro,iDoctorAnabolic,mr_knowsitall,freyaonreddit,Tuxedonce,Scropbix2001,Torvalds96,Aang_A,smiling_corpse,UKChemical,LivelyBanker,Maassoon,TK_Sleepytime,Lexxxapr00,iCameToLearnSomeCode,camsny
83, , , , , , ,Uncrustable67,destroyallcubes,billnyetheflyguy69,VaritCohen,Brinkofrebelion,Brinkofrebelion,JabasMyBitch,SouthernYoghurt9,outerlimtz,Toshi6969,SirDinkus,YouKnowHowIBe,A_RandomcHild,tckz,siricedtea,Salamanderhead,andromedazzz,Jamienopt,whofan515,jillnicho,BamaStrawHat,jack_campbell00,Gatechap,XxswifterxX,A_French_Kiwi,Aqheia,HyperNathan,isseiasia
84, , , , , , ,carryu8023,glitterlok,finnky,bentaton,SexyFatFuck,SexyFatFuck,SwagerDager69,Quasontt,froopty1,mithrillion,ReezyReezywhatsgood,TomorrowWeKillToday,Dr_Slumber,KyloRensPecs,Longrangesniper1,EmHarriss91,dukeluke2000,Maryoum,JynxRD,ReplyThrowAway98,LukeChickenwalker,theomarshy,Droze-,Damonderp,feross,sorasfishing,noonejustarandomguy,Bamboozaler_
85, , , , , , ,mlyon927,eutmar,danger-ranger420,IShotAGrapefruit7,MasterAsk3,MasterAsk3,hootenannyqueen,browns4sb,gamerongames,horsefly242,missdaisycan,DrinkingMC,babuloseo,agarriberri33,Chuymatt,JoePapi,usernamesarelegit,zsreport,kinopiokun,BlazingGlory53,utspg1980,Fenellawep03,sanjeev_narain,fixer007,drking100,GrizzWG2000,OniExpress,CapnThrash
86, , , , , , , ,Paladin51394,IoppyStudio,justarandomfewwords,Belkan-Federation,Belkan-Federation,AmNoAGrass,panlocoka,Moocry,Your_Local_Memer1776,fridgeraider2000,WillCle216,TheUnknownGamer300,theguys5497,Skiftonoid,JoseTwitterFan,PRIGK,vroomeyy,Arra_y,Hehe_ded,Daanoontjeh,red286,wallpaper_master,warsoftheroses2,BrinaSour,DrMcMeow,Singer211,not_jainam
87, , , , , , , ,The-Visitor-,-beachstolemymoney,BlackAndYellowByrd,direcryptokitty,direcryptokitty,humblenoble,Thexmarcoxz,cream_uncrudded,_NotAPenguin,coore_tik,rachleia,knumbknuts,MrsMorganPants,DarkVaati13,ZhiokThong,Bravo198720,FrancoElManco2,DanDanDan69,VonMaverik,OswaldGoodGuy,morrisjr1989,gruenesoosse,INinja_Grinding,SensibleInterlocutor,ChemoDrugs,sokoteur,MDFMKanic
88, , , , , , , ,Commando-Red,SecureNarwhal,MezzoScettico,FlyersShire,FlyersShire,Pelotrio,wiserone29,blaukraut_,elbow-greeaase,wanderingalyce,gofundmemetoday,memeslatvian,Mhotdemnot,Atkin999,Chrisby1234,SpinoInWonderland,marioman99hatena,apegapegapegapegape,kniki217,gozit,ToBeFrozen,LaughterHouseV,mainmeal5,this_too_shall_parse,BertrandsMate,Reaperosha,Aldroe
89, , , , , , , ,Pukupokupo,KrisCayllie,Sauronpind,Zokathra_Spell,Zokathra_Spell,shanebelaire,Osellic,AnyoneButLiverpool30,Yo-Yo180,ThePancakeChair,injuredflamingo,JaapOosterbroek,Informal_Daikon,kdurmeter,PersonalityMurky,_Roskosmos_,LuckyNumberS13V3N,eternal_solitude,7thfallen,nmubashir592005,Serfaksan,Jordyboy37,lavastorm,ChairmanMeow27,impressablenomad38,SBFwotaei,GrianFan56
90, , , , , , , ,BRuiden69,AnaGraham_IvoryGuru,LifeSavingHotlines,Sedlighetsrotel,Sedlighetsrotel,SALTYSEAGULLL,JASC24,jreluctance,sammynick1234,Bateman272,specialbeefgoulash,Micr0drop,LordOfCows23,I_did_dit,jetah,FearlessJackfruit,Layinudown,MarksTheLegend,ION606,SkullB0ss,WebHead1287,El---Matador,DreamcastHubCom,m3ssed_uP,andrewinthemiddle,TheCreatorLiedToUs,Woogabuttz
91, , , , , , , , ,Guac_in_my_rarri,Phos_gene,wobdag89,wobdag89,ajr901,bomage,samuelpsalt,Ultrackias,ElvisChrist6,WhaleBoi3000,C4rnAg3,Abseee,JafaKiwi,outrider567,Arcterion,Aidan_SMHS,Chadvoluted,Queijocas,Turpekus,gunnar120,cmurphy555,growup_andblowaway,js_customs581,mariphabals,boozername,Hotelblvd
92, , , , , , , , ,anthonyleoncio,personalact,boombatz,boombatz,robotboy199,Sadc21,L0rdAceX,Phoneguy69420,PieRowFirePie,RealFlyForARyGuy,diogo70210,Shad0wWalk3r,OmegaMalkior,a_is_for_a,SOVERElGN_SC,GladiolaOfTheDomain,CashAntique,BallisticBeaver03,Rainabic,Adamses_Housecat,Chlodomer,Victor_L,mothramantra,Contude,retr0_mayhem,jackjwm
93, , , , , , , , ,Eve-lyn,Ha1lStorm,kcmike,kcmike,BombingBerend,Owenn_18,Joshru,pigdead,EscheroOfficial,JayEff-Satra,WowboyKid,limit21,Briitszz,lemon-sound-tasty,BassWingerC-137,drvalo55,Pink-sapphire,omileed,superbcount,DannyDesert,Myabi,ytmrboss,ElbowDeepInAFeline,riedmae,sev7en25077,HighlandSquirrel
94, , , , , , , , ,bjking02,DanSkaFloof,Han_Tyumi98,Han_Tyumi98,CorkyBorchev,JRStors,conroe_au,BluesDankIsGod,Sawyeezy24,aksionauvit,EarleneMcneil,wookie6989,shakirasmom,Jakewakeshake,KidHerm,Belkinwrites,Tool900,fluidwale,neon_overload,TheHappyEater,SnowFlakesMilkHoney,oOzonee,voxela,88RSL,DudeAbides101,kamrat_qp
95, , , , , , , , ,makkusu-kun,masbond84,cdrgrimes,cdrgrimes,JediKnightKeylo,immortal-Iron-Fist,hallbuzz,ClipIn,ururaka_xx,faab64,Cledaddy23,Secret-Werewolf,Wazer,joesbrutaldoodle,zglurb,xXSilverMasterXx,jjvega1998,omsaladzeno,Guy_A,Soren911,annefrankzappa,Ishmaniac,progressthefly,DannyYTee,meemoe8,IceCSundae
96, , , , , , , , , ,igordogsockpuppet,Smooth_Imagination,Smooth_Imagination,3249V,Eixz,kakreddit,CaptValentine,AManNamedPink,lotrmonopoly,Naima22,swigitystiber1234,lolaibot,funnybabaji,rtzukingu,mariferlolera,sparklingpuppets,LintonFOR,TeslaMecca,__RedLeader__,jvx2020,SpunkyPajogi,AmishSloth84,CanWeTalkEth,bennidictboi,vormestrand
97, , , , , , , , , ,act1989,HulkScreamAIDS,HulkScreamAIDS,datfunkymusicboi,cringecracker,Mikerobin25,memezzer,LordAcorn,Sunfried,nopantsno,trouble98,anon24240,PDANGIT,sandelinos,LeFricadelle,drlizard,da_security_guy,TwoWhistle,TheBaldGiant,vomit-frame-pointer,customcrash,embarrassed420,DarkShadow8915,DaVinciJunior,lil_tigs20
98, , , , , , , , , ,DirtyDoucher1991,BatDaddyWV,BatDaddyWV,__starburst__,grizzlybrrr,Mattacrator,ReverseDoggo,ScarredPunLover,GamerXPros,Saltymochi,jose092410,Ars-Tomato,liebstes,isaacpriestley,Guest_4710,Vi11amayor_MKIII,writesofrust,djackimo,Or-Your-Money-Back,_learning_as_I_go_,UntouchedSack,berlindayandnight,satosi010,sivizart,jawheeler
99, , , , , , , , , ,thedan663,magicnminecraft,magicnminecraft,chell125,officialgalactic,KidWayneD,Zhuk-Pauk,MrNudeGuy,robstoon,Fyrefawx,VazuXD,EatsSoapOnTheDaily,BipolarRambling,babyican4give4,Ukasabii,ThePerfectApple,FabFeline51,--Mew-Mew--,DailyDael,nunyabis34,ChopDownTheTrees,CRsD8burner,THAC0-Tuesday,makeitallmyself1,Bdawkins209
100, , , , , , , , , ,alcovevr,Houstonguy1990,Houstonguy1990,jindie1991,Vanille987,IndieMoron,ihearttatertots,Tacoslim,LlamaTheG0AT,IamDvirk,brandonlikecards,JacobMoses8,MrSoloqueue,this_site_is_fucked,StarCitizen2,berto214,glxubez,9joao6,NysonEasy,RokanPohan,JokerSK23,Riku_from_Shadow,TSRB123,holdmynose,imonlykindacrazy
101, , , , , , , , , , ,RedRetrograde,RedRetrograde,Mutating_Mammal,adamageddon667,o7d,ItsWally1,pooppeebuttmcnuggets,Bdodk2000,TheRobotZombie,LotsOfAtoms,shdzsayshi,Handryck,sonyvngz,sandwh1ch,FlamingFlamingo29,GXashXG,G22XX,TigerStripes93,Sam_Zer08,atomic223,edinc90,Btalgoy,designmind93,lennontattoos
102, , , , , , , , , , ,Chambers2906,Chambers2906,illstealurcherries,Aka_Pineapple,AmoreVidas,FURIUS_JONN_RSL,fitfulbrain,binro01,itsdietz,koavf,halupki,musiksharer,Aggron-sive,CouponBuddy,johnseara117,bong-rips-for-jesus,match17,rattiemummy,oO5Dynasty,Healthandwellnessyo,wellfeelingbishop,Aditya_Bhargava,shortster21,nrith
103, , , , , , , , , , ,prince774623,prince774623,R3Dprius,Pinkiepylon,yeahnoworriesmate,JCorby17,IlikeDogsmorethanme,SHADERS2018,rana2812,SSJWayne9999,GoldenPresidio,harmanator97,Neural_Cylinder1,darkspyder4,Jeretzel,Eggfur,Youtoo2,Amazing_Opposite,igrowkush,antonyourkeyboard,ratchet_noah,woolyearth,welpyouknowhowitis,LilyLute
104, , , , , , , , , , ,SorryBother8,SorryBother8,SquadCammander354,Mirrorflute88,freakymreaky,Smite404,Jobasaurus,fatlazybastard,nvmyers,bluejody1,JimMetokur,julrikgo,LooseUpstairs,eneajaho,IamP4IN,Amazing_Mongoose,DrDoofenschmirtz1933,pinkwetunderwear,regoapps,Ajbmw335i,Bodacious_Dad_Bod,new_Layerr,sinningbees,Nathuphoon
105, , , , , , , , , , ,ThatVoiceDude,ThatVoiceDude,Guess_this_Guest,ItsYaBoyCobo,Broserk42,AnzuNakadai,cringe_baby,Lewlter,IAMA_Drunk_Armadillo,Cowgirl_dandy12,charlie_479_,Araragi_Monogatari,damnsignins,JcsPocket,ThirdWorldMelanin,k3l4nee,GlobalSweet,Sovetika,Mseyf50,Sofya_Marmeladova,ThaSig,BillPonderosa_,hairysonorth,blorpblorpbloop
106, , , , , , , , , , , , ,KimRamirez96,pleasegivemeagooduse,shoolocomous,vadimdavidov,StupeiSmilodon,chrisprattypus,ArdenSix,RTheren,Cuberrism,PlasmaStark,CrapInMyCornFlakes,mateah,hajarama,pyxisargonauts,texasriggedlizard,simcoecitra,Marchief,SquirrelSultan,eroticfailure,Ryoteck,SpiritualGolf4,670590
107, , , , , , , , , , , , ,Omno555,themusicalfeminist,hemeny123,weird_foreign_odor,_TheYellowKing_,Twitchy1313,Tjaeng,hexagonalshit,locrian66,cringyteenagegirl,venturepictures,mineyoursmine,ShadowHunter,Namzer,dollarbillshitter,scoll_bolder,Turatar,HankIsMoody,obvnotlupus,Ketchup901,EssEnnJayy,RandomChurn
108, , , , , , , , , , , , ,WizardXZDYoutube,Bass3642,jonnyrg,Fibonacci0027,naughtilidae,shootthetarget,kimovin,MidnightJ1200,CrixusDaGaul,Tsquare43,MisterVaridoianis,Taken2112,AndrewSaliba,iwastoldnottogohere,cowbowman98,cynicalsphinx12,NoobADC,slicecakes,xXxllamallamaduckxXx,throwaway9374929,-alexLv-,valeriavlaeria
109, , , , , , , , , , , , ,Duke-of-Nuke,NotoriusBigNut,pTs42,40lagidenferrari,Nall-ohki,cr33chy,anatomicallyretartid,tittsin,BestCruiser,quarryman,n8shaver,ELITEREDDIT07,AlbertodeVictoria,Soonerpalmetto88,NotAquaz,kevin_james_fan,Temwazhere,TheStaRoee,Lexxxapr00,nazariomusic,jofaba,adolf-lincoln
110, , , , , , , , , , , , ,luisnayotl,Ryanndxo,DjShaynePilpel,shadex-spm,mack3035,losername24,adama79,thefeedbot,Sweeter_strawberries,OskartheBob,Prepare2_Qualify,bubblesrocks,Kanexan,Nearby_Internet,Jaspergtx,show_time_synergy,sentientbytes,Bustanut1755,SuperCheeseCanada,Cau3nt0,okabilly,Blaketherattlesnake
111, , , , , , , , , , , , , ,Akbeardman,upsall,pw_kmg,Aliezan,YouAreAntiScience,matlockga,fitzgoblin,hastalavistabob,Ashyboi36,PervertedPsychopath1,BradBradley1,redditor67tny,ddhuud,deltaWhiskey91L,DetroitDini,BreakingThe3rdWall,ManofCulture187,SetzarothTV,CarefulProcedure4,Newb212,Virtual_Magician4293
112, , , , , , , , , , , , , ,Milkiorre,A_A_Ironwood,DeltaAvacyn6248,Obrejiklea,theendiswhat,Ballsack1st,Pdot04,b594,DeminoTheDragon,Meganlikespie,puellanominelupa,D34th4ng3lTR,jmbieber,DerVirg,scooplese,manchegan,tommymdq,kelvin400,Slicer_bisley,rsasaki,vierilie14
113, , , , , , , , , , , , , ,seizeittol,MuTron1,wokgg,Euronotus,wesleezy,deli_bae,Nitrogenlive,Mattias504,jabbid111,Diavolo97,Haissem55,patrickc4,WazerLazr,Legacy_Eevee,TennisStarNo1,Recompense40,melotrem,bloodorangehoney,dr_peppers_lawyer,Logical_Button,clubpenguinporno
114, , , , , , , , , , , , , ,CestLaVie1989,Ducking1208,warmcrystalwave,713soled,itsMila0,AndrewHNPX,itsowaisiqbal,MinimyXD,Finger_of_Vecna,HazyFeathers,Cheselth,McClain3000,gemini-kim,strokeshaped,chain83,hamiltonk92,Golfwanglefleur,oilshell,Zokalyx,Daredevil731,InternalSherbert902
115, , , , , , , , , , , , , ,lnbrrnt,SuperStarGio,hrithikbeats,jedimasterdeadpool,JNFou,Tragic-Dante,PorkyPain,walt54321,Timo6506,Imtf_,TheBassFreak,Environmental-Ad8013,Feather_Bloom,pm_your_gay_thoughts,Lorenboy2001,BulzRai21,ClassicBench,climb_maintain5_10,monkey_D_v1199,Foufou190,Thaedael
116, , , , , , , , , , , , , , ,wobblywiki,mjk1093,Necrosaynt,possum_mouf,IsayPoirot,countrylove255,wehooper4,Maimakterion,Thibbledorf_Pwent,Imlikeokkkk,Striker0394,manavpanchotiya,Orph1605,Techhead7890,Soul-Music-is-Life,smileyrileyschrey,Greenneet,buzzystars,CptnBdan,SkullDaisyGimp
117, , , , , , , , , , , , , , ,cynicaldude3,BakaIsAsBakaDoes,Rapturebird,LeCheechio,bacon_catz_karma,Emilek1337,hun0r_,EcceCosmo,Dydros,miloGen,CopeNbacon,frogec,musty_j,JustinMagill,Saintvicious05,Large_Dr_Pepper,dudius7,runningandcaringguy,AmishCowboy27,theedgeofoblivious
118, , , , , , , , , , , , , , ,StoicPriest,landofthenavajo,Fizhe,BunnieP,BossVladmair,Snoo-79987,tdutim,sans_serif_size12,Bobicek12,ioniums,rollwave21,Forummer0-3-8,InGenAche,egamboau,kmisca92,MarkaliteMkII,Aqheia,get_rick-rolled,kokorei,Jerswar
119, , , , , , , , , , , , , , ,Echo__3,Octozakk,OLSTBAABD,big56nopeat10,UniqueSteve,ZachyChan013,Sativa_PIREPS,trycuriouscat,ZigZagProton,cursedsodas,levelniner,OrangeOpium,-CrestiaBell,TeeNuggetTa,OkkBrilliant,namelessking20,AnImpatientPenguin,Way-Too-Much-Spam,dustinnnnnn_,daisydominoe
120, , , , , , , , , , , , , , ,IDEARYOUTODOWHATISAY,Sambojanglez,scrant0nstrang1er,Antrikshy,KingGilgamesh4D,Brosamurai18,msfaemanson,fuffex,godstriker8,egg1st,null-sid,LuminousOW,danielpolcaro,Keanu_breaths,JayZUndisputedGOAT,brett15m,nick-the-creature,SemmBall,juiciepeaches,Dco464ar
121, , , , , , , , , , , , , , , ,awesomeoutdoors,Roxannejane0407,TasteMyMachineGun,anonymous_pineapple9,nantastic29,vaporsilver,jj484,handlit33,floorgang-69_420,ih8entitledpeople,theycantalk,EisVisage,Suicid4l,Lost_Sweetie,somaticnickel60,hot1foryou,carmike692000,Mjood96,pintorMC
122, , , , , , , , , , , , , , , ,Decimsasshole,Lebrunski,aaronmgreen,MidLaneBanter,Children_of_The_Sun_,Skylinne,jepper65,LetMeSnow26,KnittingTrekker,Wonder-Grundle,sillyryuken,bigkeksmallkek,Trinityriverlookout,tee1hunna,The_Maggot_Guy,Salt_Firefighter_684,foregroundnoises,ShalidorsSecret,blackwydo
123, , , , , , , , , , , , , , , ,billdietrich1,GrowTFM,idwbas,SargentToodleDink,awkwarddave22,Annaschnucki,JimSmithFF,Grognak_the_Orc,SirSharper,delighted_platypus,NothingDogg,Dizzzyyyy,melllll234,HotRodLincoln,Kawhimidoriya1,GoldenEars7,NouberNou,bokutosthighs69,geoffhom
124, , , , , , , , , , , , , , , ,lenonymes,Lovus368,TerrytThompson,FaehBatsy,plasmadad,Goaty0806,Solar_Kestrel,meltingdiamond,Kepppppppppppppppp,_Thatboyknack_,Rufus_the_bird,FearlessAttempt,uwuzayn,gda19,Mgnony,Renjy9,xdMcPeen,yehyehyehyehyehyeh,eptftz
125, , , , , , , , , , , , , , , ,carpetheart,BeatMeatPotato,Gdb102093,AzuraSkyeoftheAbyss,Doe_pamine,187ForNoReason,lifeisalwaysintheway,XiaoLiYi,drbanga1,TheOther36,g3us,TarMil,nomnom_nommerson,jaygreen720,Xanta_Kross,sorasfishing,SoulGardian,KrimSoN1648,plolops
126, , , , , , , , , , , , , , , , ,NamesIWantWereTaken,Ashton_Hyll,DINO_S0RE,riverdrae,EastSideTilly,true_power,Major_Vezon,glaurantos357,bagehis,advaidadiyodi,Jewfinigan,champagnebubblespop,fly1ngpanda,Noozefer,DrQuack32,primal_breath,pogster,Nestel34
127, , , , , , , , , , , , , , , , ,Critical_Liz,TheGraySeed,rrb,eltacosupreme80,Elgabo,n1c0_ds,DawnT13,carbincho,PragTob,FPlaysDM,FishyNik6,storyTelr23,BackgroundSuccess6,ClementineChime,ludvig_lauesen,Strongbow85,fridaolivia,SEravessss
128, , , , , , , , , , , , , , , , ,irade1,CaseyGamer64YT,Knight1114,ChefMeltzer24,Harbley,LLJedi,LtFredericHenry,WitchWayToPleroma,samuelandrewcruz,AbsoltheEntertainer,craftymamaofboys09,NextNewsSource,EliasTobias,TheGZZ,GrizzWG2000,Nosequious,LLS86,nsweaves
129, , , , , , , , , , , , , , , , ,UnconsciousTank,stellan17,Imthecoolestdudeever,sinkocto,Cz1000,livinginahologram,ScreweyLogical,JamHatch,lookatdosetitties,rebelwithpearls,UzumakiNaruto008,dwc1981,tc182,bsum87,feldmazb,Same_Jackfruit,as-well,Elezen514
130, , , , , , , , , , , , , , , , ,Tha-D,TooOldToTell,mattbag1,VeeJay999,MellooYelloo4565,zaynthelegend,VaporishPuma,SunshineOnUsAgain,DecoyOne,iwontgiveumyusernane,ahmadeln,aloofprophet,PsycoTaco13,Pokerrr2showdown,ILoveOrca,Far-Turn,iwishiknewwhat,TrapAstolfo
131, , , , , , , , , , , , , , , , , ,ralfreza,BenjaminDaaly21,me_not_at_work,LaddZilla,Conrad_noble,GodHatesJavascript,Nerf_Engineer1000,Mcaark,wequiock_falls,hallucinatronic,Hamburgler212,mfrouna,kilolo0731,Mte90,Snaens,Colabunnyfoofoo,ka-splam
132, , , , , , , , , , , , , , , , , ,Centaur661,KHammerman,Jman1435,beebo__,TheAutumnMaiden,Gordon-G,RedditRampant,rainey_boi,R0571N,SemacamRoe,Apprehensive_Beach_6,somekindof-monster,yathanshnagar,DrMcMeow,GabiiIG,_D_M_T_-,viralpulse
133, , , , , , , , , , , , , , , , , ,santoso-sheep,trusktr,Faust2391,dubesor86,Melanie_9710,fireamoe,akasupern,Hisokas_dad,shymom3,MinatozakiSNx,vxpelxrd,pdatumoj,oldnewtoons,Fumblepony,s3danf0rth,questionacqd,monkysandtools
134, , , , , , , , , , , , , , , , , ,matosz,nofeenews,isaacpixel,The_Diesel4,u_r_pp,NVstorm55,mycatsasnake,mykeuk,MysteryVoice,Richzorb1999,ironcaravan,HarkerBarker,PintSizedHerzl,Nerfherder_328,Harrydevison1011,Tombo72,poezzie
135, , , , , , , , , , , , , , , , , ,Medothelioma,jesuskater,BOINKIS_MCDONGLE,Lukefairs,Y-Boi,bjc12787,ronburger,BringInTheNews,pnptubecom,glopez21,wideboyuk,Usurpist,shadrack268,_-Ewan-_,Blindman2k17,onepersononeidea,ihavebabylegs
136, , , , , , , , , , , , , , , , , , ,kaldi-est,BrokenTV05,Parkman29,MacVinDash,dheeznudz,Sufi95,NerdPunkFu,Jeg75,normalusernameiguess,nynyfake,WiltedKangaroo,Arts_Candi,ChemoDrugs,Therockster01,Skellyfiora,brian_animations_1
137, , , , , , , , , , , , , , , , , , ,Fiendsson,andy_sker,MangoJuice555,llunarllamas,hughman308,Radial36,Pr0xyPVP,downheresolong,FenrirIII,AnnihilatorUk,xehts,SinopaHyenith-Renard,mattsledge,BigNasty1028,Fernando1dois3,Fahrenheit2272
138, , , , , , , , , , , , , , , , , , ,Sporkido,Lawdasur182,Dirge_Arcana,Kajkia,Jimins_Jams23,Falminar,UnacceptableUse,partofthehumanrace,salivation97,FoleyisGood,Hunter_Hound,1986JamesHetfield,so_damn_low,JohnnyGSG9,RopedCunt,incognitomus
139, , , , , , , , , , , , , , , , , , ,masochistmonkey,talford,booksandscience,Ether101,LetsGoMyEggo,goodsuns17,NothingMannn,bestnewsoftheworld,HiImAustin,3rdandLong16,androidblack,BedHeadMarker_2,Navy_To_Veteran,Crypt_Knight,directiveunknown,YaBoyRazy
140, , , , , , , , , , , , , , , , , , ,wparad,fenny15,smeeg101,MagnanimousBear,nxzxc,sotokaiba,bboywhitey,General_Burton,MBHYAT,Hentoony,books-music-art,WildesRelaxo,NinjaDiscoJesus,bronzetigermask,SamsDG9F,BerksCtyColl
141, , , , , , , , , , , , , , , , , , , ,Mediumsizeddave,katsubeats,SojuSeed,TypicalUserO,superon21,DigNugget9,MaveRick_TheBoss,sp1d5r,adeladni,aloebeans,blocknugget,BertrandsMate,pittwater12,CottonCandyShork,Valrose77
142, , , , , , , , , , , , , , , , , , , ,frailoldhand,igetasticker,agree-with-you,Yanco23,Gr00vR,fuel126,IMALIVE0,WatermelonCorp,Cheech_Falcone,elysianprincess,throwaway_350,OculusMidnight,FitDaqm,iammrcl,Corm
143, , , , , , , , , , , , , , , , , , , ,VictoriaEuphoria99,KushTheKitten,dasgudshit,FacelessOnes,theatahhh,MajesticBagels,Nedimar,undeadhonkboi,riemuidiootti,PeteyNice,captainpantranman,helixflush,arcxjo,Furmpov,Babypluto1776
144, , , , , , , , , , , , , , , , , , , ,lukak2002,Churchboy44,Nighters,thismustbethursday,Blacklightblue,X_R_H_E_Y,gdore15,sassy_vanilla,Captain_Crashpants,ardycake,ysfmounir,shavichm,Ashie-uwu,LookingSlender,aleeshen
145, , , , , , , , , , , , , , , , , , , ,Nephtsys,ablondedude,White-Obama231,Colisan_,ShadowsBali101,ddeatienza,smiling_corpse,C1ugg,The-Techie,juupelis-joo,tvrobber,slap-drone,EnvyTboi,lazmonkey,UrbanGhost114
146, , , , , , , , , , , , , , , , , , , , ,c0ldvengeance,gudoosh,HVStalinov,Bagster1994,Tremox231,avanylons,littleweezer,Technosyko,AbbyDidNothingWrong,TenantFriend1,fuckyouidontneedone,Artic_Fox2981,Bjfuad275,buoninachos
147, , , , , , , , , , , , , , , , , , , , ,PrintfReddit,kawnation,doktarlooney,adoniram15,Ranshin6384,YouGottaBeKittenMe3,swhalen07,Will2live1,Ryujin10078,UltraPlus719,ItsSuperRob,Geekyguy20,No-Suggestion-9433,chrispy_chuck
148, , , , , , , , , , , , , , , , , , , , ,TYJ47,FlimsyWork5,Belgrifex,monsterflake,rollercoaster_5,gospodja_pop,mushosho,AtomicNick47,m7b_,NoHartAnthony,imdumandstupid,Iamthehighwayyyy,k0zmir,Jb2head
149, , , , , , , , , , , , , , , , , , , , ,awesomazon,WelcomeMarrow37,MJURICAN,ABZB,metroidmen,Kvohlu,INVALIDN4M3,hubeliduu,xfire74,iwbd,TheInfiniteArchive,shimmy_inc,Kushakusha,Cheesetwisties92
150, , , , , , , , , , , , , , , , , , , , ,Freshdagod,Khushboo_Mehta,MrNudeGuy,pozzowon,shadowsinthemist,seraph321,kati2004kss,I_GO_BOOM_BOOM,pottonayok,IsmaEnzo,Groundbreaking-Sky16,---gabers---,NumberXVIII,redheadmomster666
151, , , , , , , , , , , , , , , , , , , , , , , , , ,MrButtermancer,rumstar-81,everynameistaken43,pollymorgan,gurwig,Mongui,sobrul3,SeekNDstroyYTBR,Kartik12345677
152, , , , , , , , , , , , , , , , , , , , , , , , , , ,iamjameswjameson,The_Flail,TPgunn11,PizzaPandemonium,PM-Me-Your-TitsPlz,CarelessMacaron,LeFeuFollet91,barbaramanateeeee
153, , , , , , , , , , , , , , , , , , , , , , , , , , ,jake_BrokenHabits,MajesticSpaceCat,MoreFoodNeeded,TK_Sleepytime,xSubNinja,Turt_Turt23,PrestigiousBread3458,gunthatshootswords
154, , , , , , , , , , , , , , , , , , , , , , , , , , ,ISaidThatOnPurpose,chalkydan,wickedskengman2,alanlomaxfake,DoiDuh,Mad-Rig,CUTubby,Commodore256
155, , , , , , , , , , , , , , , , , , , , , , , , , , ,DevildAvacado,CrySky00,YogaCook1,duckipn,hardstripe,HissAtOwnAss,smurfyjenkins,CyberNinja23
156, , , , , , , , , , , , , , , , , , , , , , , , , , , , , , , ,BritishTea75,haider22030,jcorbin121
157, , , , , , , , , , , , , , , , , , , , , , , , , , , , , , , ,Quigleyer,Aleks5020,xtrasmal
158, , , , , , , , , , , , , , , , , , , , , , , , , , , , , , , ,dadsvermicelli,Terrator_9,surfaholic15
159, , , , , , , , , , , , , , , , , , , , , , , , , , , , , , , ,rabbitsandpigs7,RegalFlash,Rexon225
160, , , , , , , , , , , , , , , , , , , , , , , , , , , , , , , ,shodan13,snowwhitespassion,hadoopsql
