MoscaMye,True,reddit.com/r/TheConfluence/comments/m01x6j/my_favorite_way_to_finish_the_week_puzzle_night/gq686uc,0.4516772719279484
TheKlawNumber2,True,reddit.com/r/TheConfluence/comments/lzulj1/which_is_the_best/,0.885693475631652
nimbleseaurchin,True,reddit.com/r/TheConfluence/comments/m0apne/this_is_my_dog_her_name_is_wrecker_and_shes_13/gq773m1,0.1186217163723928
thefifthangel141,True,reddit.com/r/TheConfluence/comments/m01x6j/my_favorite_way_to_finish_the_week_puzzle_night/gq5xohr,0.5198254200760964
JebSenrab,True,reddit.com/r/TheConfluence/comments/lylv0g/a_nice_wall_i_saw_this_weekend/,2.7134365311872077
Almighty_Elephant,True,reddit.com/r/TheConfluence/comments/m07yw9/which_do_you_prefer/gq7a6hm,0.08761477192794835
saraena,True,reddit.com/r/TheConfluence/comments/m07yw9/which_do_you_prefer/gq6oapw,0.32703606822424464
pumpkinpatch6,True,reddit.com/r/TheConfluence/comments/m0apne/this_is_my_dog_her_name_is_wrecker_and_shes_13/gq7cqfj,0.06519579044646687
sargon76,True,reddit.com/r/TheConfluence/comments/lxnmd5/the_confluence_reminds_me_of_fallout_4/gpq89qy,3.4934133830390595
roadkillchef_1,True,reddit.com/r/TheConfluence/comments/m03i4q/any_engineering_homies_in_here/gq5wi5n,0.5273369941501705
yourownmomv2,True,reddit.com/r/TheConfluence/comments/lxzvx4/um_hi/gpqr9j1,3.366364771927948
Netherpizza,True,reddit.com/r/TheConfluence/comments/lzqz6z/ive_been_rehabbing_my_knee_with_indoor_cycling/gq3rjq7,0.9427768089649854
Naima22,True,reddit.com/r/TheConfluence/comments/lzckl8/i_call_tonights_dinner_a_success_husband_got/,1.6624527348909113
MidnightJ1200,True,reddit.com/r/TheConfluence/comments/lxc1no/well_my_dad_taught_me_how_to_light_one_of_these/,4.4276610682242445
CrixusDaGaul,False,,0
wehooper4,True,reddit.com/r/TheConfluence/comments/lxzvx4/um_hi/gprxwxx,2.987093938594615
Cit_63,False,,0
PlasmaStark,True,reddit.com/r/TheConfluence/comments/lxzvx4/um_hi/gpu9xdv,2.543945790446467
Timo6506,True,reddit.com/r/TheConfluence/comments/m01x6j/my_favorite_way_to_finish_the_week_puzzle_night/gq6fyjg,0.39730227192794837
WelcomeMarrow37,True,reddit.com/r/TheConfluence/comments/lzckl8/i_call_tonights_dinner_a_success_husband_got/gq2xbq6,1.232869401557578
MisterVaridoianis,True,reddit.com/r/TheConfluence/comments/lytedm/average_flair_number_of_the_silent_ones_as_well/gpwas9q,2.2328231052612817
fireamoe,True,reddit.com/r/TheConfluence/comments/lz0rbb/how_to_get_this_to_show_up_on_front_page_more/gq4zvgn,0.7137027348909113
mineyoursmine,True,reddit.com/r/TheConfluence/comments/lz5de9/lobster_mac_and_cheese_bitches/gpzm809,1.851295327483504
SunshineOnUsAgain,True,reddit.com/r/TheConfluence/comments/lyay9p/i_did_an_art/,3.0646170867427633
superbcount,True,reddit.com/r/TheConfluence/comments/m01x6j/my_favorite_way_to_finish_the_week_puzzle_night/gq5ilqs,0.615543012668689
Dizzzyyyy,True,reddit.com/r/TheConfluence/comments/lzqz6z/ive_been_rehabbing_my_knee_with_indoor_cycling/gq40w46,0.8866078274835039
yo-whatupmofo,True,reddit.com/r/TheConfluence/comments/lztedx/what_is_the_capital_of_georgia_usa/gq465dd,0.8561911608168372
simcoecitra,True,reddit.com/r/TheConfluence/comments/lzqz6z/ive_been_rehabbing_my_knee_with_indoor_cycling/,1.018008290446467
Tim19678,False,,0
Aurallius,True,reddit.com/r/TheConfluence/comments/m0b33p/i_drew_a_quick_mega_man/gq7ae1e,0.08564717933535576
ardycake,True,reddit.com/r/TheConfluence/comments/lxhe1u/my_best_friend_just_passed_off_my_bday_present/,4.16440875340943
UntouchedSack,True,reddit.com/r/TheConfluence/comments/lztedx/what_is_the_capital_of_georgia_usa/gq7bryf,0.07329764229831873
TK_Sleepytime,True,reddit.com/r/TheConfluence/comments/m0apne/this_is_my_dog_her_name_is_wrecker_and_shes_13/gq7cace,0.06892264229831872
sorasfishing,True,reddit.com/r/TheConfluence/comments/lyafr3/friday_media_thread_march_5th/gpvreox,2.2872212534094296
DrMcMeow,True,reddit.com/r/TheConfluence/comments/lzqz6z/ive_been_rehabbing_my_knee_with_indoor_cycling/gq3t37u,0.9333092163723928
Zokalyx,True,reddit.com/r/TheConfluence/comments/m07yw9/which_do_you_prefer/gq7di1l,0.05900366081683724
hairysonorth,True,reddit.com/r/TheConfluence/comments/m07yw9/which_do_you_prefer/gq6ilsj,0.3773254200760965
Bamboozaler_,False,,0
Aldroe,True,reddit.com/r/TheConfluence/comments/lxzvx4/um_hi/gpr5bn3,3.2340846793353557
surfaholic15,True,reddit.com/r/TheConfluence/comments/lz0uli/anyone_doing_any_diets_etc/gq1hktk,1.6044203274835038
Clint28,True,reddit.com/r/TheConfluence/comments/m07yw9/which_do_you_prefer/gq6o6w4,0.32806616081683726
IShotAGrapefruit7,True,reddit.com/r/TheConfluence/comments/lyz3av/idk_what_to_title_this_but_i_just_wanna_post/,2.145230512668689
Mr_Wafflz,True,reddit.com/r/TheConfluence/comments/m07yw9/which_do_you_prefer/gq7c6q0,0.06975597563165206
yankeebelles,True,reddit.com/r/TheConfluence/comments/lxfgoa/well_i_didnt_think_that_would_happen/gprir2v,3.094258290446467
SquirrelSultan,True,reddit.com/r/TheConfluence/comments/lx790w/what_are_yalls_favorite_board_games/gplt97j,4.5100569015575775
Connir,True,reddit.com/r/TheConfluence/comments/lzckl8/i_call_tonights_dinner_a_success_husband_got/gq1pzs9,1.5740846793353558
TheSaxyLife,False,,0
Jason_Worthing,True,reddit.com/r/TheConfluence/comments/lzfvle/sal_update_weve_had_our_first_shed_and_were_doing/gq2tdob,1.2770129200760965
Krendin,False,,0
Deusyl,True,reddit.com/r/TheConfluence/comments/lxtm5m/who_needs_a_hug/,3.760693475631652
ZackTheSmack,True,reddit.com/r/TheConfluence/comments/lyeu64/wanda_and_the_boys_this_is_just_a_dream_i_had/gpt5a43,2.7649990311872075
pahisteinari,True,reddit.com/r/TheConfluence/comments/lxbjkj/how_to_relax_by_beans/gpml1a2,4.323760605261282
julian_wants_to_art,True,reddit.com/r/TheConfluence/comments/lxzvx4/um_hi/gprfvgk,3.122360142298319
Furfty,True,reddit.com/r/TheConfluence/comments/m06pdb/i_really_want_one_of_these_please_help_me/,0.44815875340942984
cantemperaturebeans,True,reddit.com/r/TheConfluence/comments/m03i4q/any_engineering_homies_in_here/gq5r3rl,0.562082364520541
pl233,False,,0
insolent_swine,True,reddit.com/r/TheConfluence/comments/m01x6j/my_favorite_way_to_finish_the_week_puzzle_night/gq5x0db,0.5240499571131335
DM_ME_PARTIAL_TIT,True,reddit.com/r/TheConfluence/comments/m07yw9/which_do_you_prefer/gq6h2ns,0.38921199415017055
allisongibson,True,reddit.com/r/TheConfluence/comments/lzfvle/sal_update_weve_had_our_first_shed_and_were_doing/,1.5406008830390594
goomba456,True,reddit.com/r/TheConfluence/comments/m07yw9/which_do_you_prefer/,0.3963879200760965
deadwlkn,True,reddit.com/r/TheConfluence/comments/lxzvx4/um_hi/gps7w2k,2.933760605261282
KelsConditional,False,,0
MeatyVeganite,True,reddit.com/r/TheConfluence/comments/lzymik/after_long_contemplation_and_extensive/gq4y04d,0.7227999571131335
Atiggerx33,True,reddit.com/r/TheConfluence/comments/m06pdb/i_really_want_one_of_these_please_help_me/gq7an5z,0.08333236452054095
sharkbaiting10,False,,0
jharish,True,reddit.com/r/TheConfluence/comments/lztedx/what_is_the_capital_of_georgia_usa/gq43xz1,0.8689457904464669
AvgMick,True,reddit.com/r/TheConfluence/comments/lylv0g/a_nice_wall_i_saw_this_weekend/gpu0qhx,2.585253660816837
psychotix_,True,reddit.com/r/TheConfluence/comments/m07yw9/which_do_you_prefer/gq6s99m,0.28747588303905947
Ethrem,True,reddit.com/r/TheConfluence/comments/m07yw9/which_do_you_prefer/gq6k9g5,0.3636217163723928
Saintsrow123474,True,reddit.com/r/TheConfluence/comments/lzckl8/i_call_tonights_dinner_a_success_husband_got/gq225ip,1.4917119941501706
notyourusualsaturday,True,reddit.com/r/TheConfluence/comments/m0f8uc/bit_shaken_up/,0.04703606822424465
VibrantVioletGrace,True,reddit.com/r/TheConfluence/comments/lzdrza/got_my_vaccine/gq27nz2,1.4528115311872076
luri7555,True,reddit.com/r/TheConfluence/comments/lz0rbb/how_to_get_this_to_show_up_on_front_page_more/gpyxi2m,1.932718938594615
legendwolfA,True,reddit.com/r/TheConfluence/comments/m01x6j/my_favorite_way_to_finish_the_week_puzzle_night/gq6c5rk,0.4251031978538743
shi7863,True,reddit.com/r/TheConfluence/comments/lz0uli/anyone_doing_any_diets_etc/,2.0606008830390596
More_Aubergine,True,reddit.com/r/TheConfluence/comments/m0apne/this_is_my_dog_her_name_is_wrecker_and_shes_13/gq6zq2r,0.20470967933535575
AcrobaticOil,True,reddit.com/r/TheConfluence/comments/lyeu64/wanda_and_the_boys_this_is_just_a_dream_i_had/,2.9291541237798002
Smilinkite,False,,0
Hot_Independence4284,True,reddit.com/r/TheConfluence/comments/lx8cxo/the_48th_run_332021_hello_new_friends_and_goodbye/gplpvfp,4.530184216372393
Wormcoil,True,reddit.com/r/TheConfluence/comments/lyz3av/idk_what_to_title_this_but_i_just_wanna_post/gq0dcet,1.742232827483504
Kanexan,True,reddit.com/r/TheConfluence/comments/m07yw9/which_do_you_prefer/gq6i8re,0.38023051266868907
the_tank234234,True,reddit.com/r/TheConfluence/comments/m0apne/this_is_my_dog_her_name_is_wrecker_and_shes_13/,0.26899208674276315
instit0r,True,reddit.com/r/TheConfluence/comments/m01x6j/my_favorite_way_to_finish_the_week_puzzle_night/gq72mkk,0.1704967163723928
DevolvingSpud,True,reddit.com/r/TheConfluence/comments/m06pdb/i_really_want_one_of_these_please_help_me/gq6atfi,0.4342235682242446
Fistbait,True,reddit.com/r/TheConfluence/comments/lyf19k/you_cant_see_the_sausage_and_cheese_in_this_quiche/gpsxhml,2.8058439385946152
gersanriv,True,reddit.com/r/TheConfluence/comments/lzymik/after_long_contemplation_and_extensive/gq54acb,0.6922096793353557
EriclcirE,True,reddit.com/r/TheConfluence/comments/lyopwu/the_worst_vlogger/gpu2osp,2.5737258830390592
Alt4Wholesome,True,reddit.com/r/TheConfluence/comments/lytedm/average_flair_number_of_the_silent_ones_as_well/gpwvkjz,2.1695244941501706
jiggle-o,True,reddit.com/r/TheConfluence/comments/lz74ne/damn_you_fine_as_hell/gq0xsmb,1.6723022719279483
GORUDOEXUPERENCU,True,reddit.com/r/TheConfluence/comments/m0b33p/i_drew_a_quick_mega_man/,0.2497328274835039
Another_Aeddit,False,,0
Argo303,True,reddit.com/r/TheConfluence/comments/lztedx/what_is_the_capital_of_georgia_usa/gq48ii5,0.8437837534094298
OrangeSockMonkey,True,reddit.com/r/TheConfluence/comments/lxzvx4/um_hi/gppy3pb,3.5546518089649854
UnstoppablePhoenix,True,reddit.com/r/TheConfluence/comments/lylv0g/a_nice_wall_i_saw_this_weekend/gpwk1te,2.205959679335356
Hobartcat,True,reddit.com/r/TheConfluence/comments/lxixka/shes_loving_the_warm_weather/gpr1wx6,3.2695129200760964
CaptainN_GameMaster,True,reddit.com/r/TheConfluence/comments/lzckl8/i_call_tonights_dinner_a_success_husband_got/gq2fenj,1.3962143089649854
SkullDaisyGimp,True,reddit.com/r/TheConfluence/comments/lzymik/after_long_contemplation_and_extensive/gq4uwbt,0.7378578274835039
guyrapong,True,reddit.com/r/TheConfluence/comments/m01x6j/my_favorite_way_to_finish_the_week_puzzle_night/gq67c1a,0.4574527348909113
I_no_verylittle,True,reddit.com/r/TheConfluence/comments/lx8cxo/the_48th_run_332021_hello_new_friends_and_goodbye/gpxvoft,2.059293012668689
Pelle0809,False,,0
MNF4205,True,reddit.com/r/TheConfluence/comments/lzfibd/recently_moved_my_yeti_addiction_to_my_shelf/,1.554883290446467
InspirobotBot,True,reddit.com/r/TheConfluence/comments/lztedx/what_is_the_capital_of_georgia_usa/,0.926306901557578
vast_amounts,True,reddit.com/r/TheConfluence/comments/lz5de9/lobster_mac_and_cheese_bitches/gq0zkb8,1.6658786608168372
Sir_Poofs_Alot,True,reddit.com/r/TheConfluence/comments/m07yw9/which_do_you_prefer/gq6vjhb,0.25222125340942986
EngineeringMySadness,True,reddit.com/r/TheConfluence/comments/m03i4q/any_engineering_homies_in_here/,0.574593938594615
devilman17ded,True,reddit.com/r/TheConfluence/comments/lz74ne/damn_you_fine_as_hell/gq1jpyq,1.5956124571131336
Blackwhitemuse,False,,0
Marelix93,False,,0
i-self,False,,0
SquirrelOnFire,False,,0
PestoDiPapi,True,reddit.com/r/TheConfluence/comments/lx8cxo/the_48th_run_332021_hello_new_friends_and_goodbye/gq6zij9,0.20709393859461503
Captain_Potato731,False,,0
moonlight_loves_me,False,,0
highrelevance,True,reddit.com/r/TheConfluence/comments/lzdrza/got_my_vaccine/gq21k22,1.4958786608168373
scrotophobia,False,,0
TDIMike,False,,0
BlueberryBetta,False,,0
vikingr666,True,reddit.com/r/TheConfluence/comments/lxnfox/when_you_gotta_go_fast_sometimes_you_break/,3.935161068224245
Skol_AM97,False,,0
Ryan-Bayne,False,,0
spideytres,False,,0
testube_babies,False,,0
energybased,False,,0
amrofni,True,reddit.com/r/TheConfluence/comments/lvky0g/mon_mar_1_205439_2021/gpmiyz3,4.341955049705726
qkfb,False,,0
nikkerito,False,,0
Meteor18,False,,0
vices-n-virtues,False,,0
remouherek,False,,0
admarau,False,,0
UnlikelySquirrel,False,,0
onionsaregross,False,,0
Scoop50,False,,0
SkwampDaddy,False,,0
Delicious_Salary_976,False,,0
MartyStro,False,,0
created4this,False,,0
1ightning32,False,,0
Real_Ryder,False,,0
orderosuchiha,False,,0
Curious_Muffin_1311,False,,0
throwlowesteem,False,,0
plebman1125,False,,0
Ambugaton2020,False,,0
hbc647,False,,0
Badpaerson,False,,0
Far-Relationship-165,False,,0
Jdphotopdx,False,,0
Staceyg63,False,,0
Pretend-Resolution,True,reddit.com/r/TheConfluence/comments/lwfymd/social_experiment_if_you_pick_the_least_voted/gprmj58,3.061769864520541
BananaBread04,False,,0
Roachtron,False,,0
Lore_of_metal,False,,0
Arisdafish1234,False,,0
_Shooster_,False,,0
QueenKofTheNorth,False,,0
carlos16000,False,,0
ManuGamingCreations,False,,0
SwampDonkey253,False,,0
Sad_Tumbleweed_9915,False,,0
OomplexBOompound,False,,0
Cayde_Is_Alive,False,,0
Intrepid_Apple,True,reddit.com/r/TheConfluence/comments/lzymik/after_long_contemplation_and_extensive/gq792ad,0.0983555126686891
Vsx,False,,0
Ian_vibe,False,,0
iflyppg,False,,0
jungb0i,False,,0
BoozeIsFoods,False,,0
mirandanielcz,False,,0
SlurpingDiarrhea,False,,0
princeevil666_,True,reddit.com/r/TheConfluence/comments/m049pz/weird/,0.5449643089649854
Adrien296,False,,0
KrunchyKiddo,False,,0
yoAdriannnnnnnn,False,,0
D-Day_68,False,,0
catdotfish,False,,0
Nagib23,False,,0
BiAdventureTime,False,,0
Mgnickel,False,,0
Repulsive_Ask_6046,False,,0
l0pper,False,,0
NotRockLion,False,,0
TheDoughnutFairy,False,,0
bookish_me,True,reddit.com/r/TheConfluence/comments/m01x6j/my_favorite_way_to_finish_the_week_puzzle_night/,0.6334596793353557
hitssquad,False,,0
ikkiriku909,False,,0
scaru_04,False,,0
DiegoBucketz,False,,0
User147632179,False,,0
SPACsBot,False,,0
MinderrootsLP,False,,0
amzn-deals,False,,0
kvom01,False,,0
BROTHERLUV1,False,,0
N8theGr8,False,,0
InteractionSoggy2267,False,,0
aoeudhtns,False,,0
CaptTechno,False,,0
WlTCHFINDER-GENERAL,False,,0
AnneFrankenstein,True,reddit.com/r/TheConfluence/comments/lx8cxo/the_48th_run_332021_hello_new_friends_and_goodbye/gq13fav,1.653343938594615
